Campaign,Ad Group,Ad type,Labels,Headline 1,Headline 1 position,Headline 2,Headline 2 position,Headline 3,Headline 3 position,Headline 4,Headline 4 position,Description 1,Description 1 position,Description 2,Description 2 position,Description 3,Description 3 position,Description 4,Description 4 position,Path 1,Path 2,Final URL,Link Text,Description Line 1,Description Line 2,Callout text,Header,Snippet Values,Keyword
roofing-service-experts.com | [DATE],Emergency Roof Repair,Responsive search ad,,24/7 Emergency Roof Repair,-,Storm Damage? Call Now,-,Same Day Emergency Service,-,Fast Emergency Repairs,-,"Emergency Roof Repairs 24/7. Storm Damage, Leaks, Tarps. Licensed & Insured. Call Now!",-,Roof Emergency? We're Available Now. Fast Response. Professional Roofers. Same Day Service!,-,Don't Wait - Call Now For Emergency Roof Repair. 24/7 Service. Licensed Professionals!,-,Storm Damage? Leaking Roof? We're Here 24/7. Fast Emergency Repairs. Call Today!,-,,,http://roofing-service-experts.com/?service=emergency-roof-repair,,,,,,,
roofing-service-experts.com | [DATE],Emergency Roof Repair,Responsive search ad,Ad 2,{LOCATION(City):Local} Emergency Repair,1,Call Now - Same Day Service,2,Same Day Emergency Service,-,Fast Emergency Repairs,-,"Emergency Roof Repairs 24/7. Storm Damage, Leaks, Tarps. Licensed & Insured. Call Now!",-,Roof Emergency? We're Available Now. Fast Response. Professional Roofers. Same Day Service!,-,Don't Wait - Call Now For Emergency Roof Repair. 24/7 Service. Licensed Professionals!,-,Storm Damage? Leaking Roof? We're Here 24/7. Fast Emergency Repairs. Call Today!,-,,,http://roofing-service-experts.com/?service=emergency-roof-repair,,,,,,,
roofing-service-experts.com | [DATE],Emergency Roof Repair,,,,,,,,,,,,,,,,,,,,,http://roofing-service-experts.com/?service=emergency-roof-repair&sl=1,Same Day Service,Fast Response Times,We Come To You Today,,,,
roofing-service-experts.com | [DATE],Emergency Roof Repair,,,,,,,,,,,,,,,,,,,,,http://roofing-service-experts.com/?service=emergency-roof-repair&sl=2,Insurance Billing,We Work With Insurance,Claims Help Included,,,,
roofing-service-experts.com | [DATE],Emergency Roof Repair,,,,,,,,,,,,,,,,,,,,,http://roofing-service-experts.com/?service=emergency-roof-repair&sl=3,Free Inspections,No-Cost Roof Inspection,Get Expert Assessment,,,,
roofing-service-experts.com | [DATE],Emergency Roof Repair,,,,,,,,,,,,,,,,,,,,,http://roofing-service-experts.com/?service=emergency-roof-repair&sl=4,Licensed & Insured,Professional Roofers,Quality Workmanship,,,,
roofing-service-experts.com | [DATE],Emergency Roof Repair,,,,,,,,,,,,,,,,,,,,,http://roofing-service-experts.com/?service=emergency-roof-repair&sl=5,Why Choose Us,25+ Years Experience,Local Roofing Experts,,,,
roofing-service-experts.com | [DATE],Emergency Roof Repair,,,,,,,,,,,,,,,,,,,,,http://roofing-service-experts.com/?service=emergency-roof-repair&sl=6,Emergency Repairs,24/7 Emergency Service,Storm Damage Response,,,,
roofing-service-experts.com | [DATE],Emergency Roof Repair,,,,,,,,,,,,,,,,,,,,,http://roofing-service-experts.com/?service=emergency-roof-repair&sl=7,Roof Replacement,New Roof Installation,All Materials Available,,,,
roofing-service-experts.com | [DATE],Emergency Roof Repair,,,,,,,,,,,,,,,,,,,,,,,,,24/7 Emergency,,,
roofing-service-experts.com | [DATE],Emergency Roof Repair,,,,,,,,,,,,,,,,,,,,,,,,,Same Day Service,,,
roofing-service-experts.com | [DATE],Emergency Roof Repair,,,,,,,,,,,,,,,,,,,,,,,,,Insurance Billing,,,
roofing-service-experts.com | [DATE],Emergency Roof Repair,,,,,,,,,,,,,,,,,,,,,,,,,Licensed & Insured,,,
roofing-service-experts.com | [DATE],Emergency Roof Repair,,,,,,,,,,,,,,,,,,,,,,,,,Free Inspections,,,
roofing-service-experts.com | [DATE],Emergency Roof Repair,,,,,,,,,,,,,,,,,,,,,,,,,25+ Years Experience,,,
roofing-service-experts.com | [DATE],Emergency Roof Repair,,,,,,,,,,,,,,,,,,,,,,,,,Local Experts,,,
roofing-service-experts.com | [DATE],Emergency Roof Repair,,,,,,,,,,,,,,,,,,,,,,,,,Professional Service,,,
roofing-service-experts.com | [DATE],Emergency Roof Repair,,,,,,,,,,,,,,,,,,,,,,,,,,Services,"Emergency Repairs
Storm Damage
Leak Repair
Tarp Installation
24/7 Service
Insurance Claims",
roofing-service-experts.com | [DATE],Emergency Roof Repair,,,,,,,,,,,,,,,,,,,,,,,,,,,,emergency roof repair
roofing-service-experts.com | [DATE],Roof Leak Repair,Responsive search ad,,Roof Leak Repair Near You,-,Stop Roof Leaks Today,-,Same Day Leak Repair,-,Fix Leaking Roof Fast,-,Stop Roof Leaks Today. Fast Leak Detection & Repair. Licensed & Insured. Free Inspections!,-,Leaking Roof? We'll Fix It Today. Same Day Service. Professional Roofers. Call Now!,-,Roof Leak Repair Experts. Fast Response. Quality Materials. Get Your Roof Fixed Today!,-,Don't Let Leaks Cause Damage. Professional Leak Repair. Same Day Service. Call Now!,-,,,http://roofing-service-experts.com/?service=roof-leak-repair,,,,,,,
roofing-service-experts.com | [DATE],Roof Leak Repair,Responsive search ad,Ad 2,{LOCATION(City):Local} Leak Repair,1,Call Now - Same Day Service,2,Same Day Leak Repair,-,Fix Leaking Roof Fast,-,Stop Roof Leaks Today. Fast Leak Detection & Repair. Licensed & Insured. Free Inspections!,-,Leaking Roof? We'll Fix It Today. Same Day Service. Professional Roofers. Call Now!,-,Roof Leak Repair Experts. Fast Response. Quality Materials. Get Your Roof Fixed Today!,-,Don't Let Leaks Cause Damage. Professional Leak Repair. Same Day Service. Call Now!,-,,,http://roofing-service-experts.com/?service=roof-leak-repair,,,,,,,
roofing-service-experts.com | [DATE],Roof Leak Repair,,,,,,,,,,,,,,,,,,,,,http://roofing-service-experts.com/?service=roof-leak-repair&sl=1,Same Day Service,Fast Response Times,We Come To You Today,,,,
roofing-service-experts.com | [DATE],Roof Leak Repair,,,,,,,,,,,,,,,,,,,,,http://roofing-service-experts.com/?service=roof-leak-repair&sl=2,Insurance Billing,We Work With Insurance,Claims Help Included,,,,
roofing-service-experts.com | [DATE],Roof Leak Repair,,,,,,,,,,,,,,,,,,,,,http://roofing-service-experts.com/?service=roof-leak-repair&sl=3,Free Inspections,No-Cost Roof Inspection,Get Expert Assessment,,,,
roofing-service-experts.com | [DATE],Roof Leak Repair,,,,,,,,,,,,,,,,,,,,,http://roofing-service-experts.com/?service=roof-leak-repair&sl=4,Licensed & Insured,Professional Roofers,Quality Workmanship,,,,
roofing-service-experts.com | [DATE],Roof Leak Repair,,,,,,,,,,,,,,,,,,,,,http://roofing-service-experts.com/?service=roof-leak-repair&sl=5,Why Choose Us,25+ Years Experience,Local Roofing Experts,,,,
roofing-service-experts.com | [DATE],Roof Leak Repair,,,,,,,,,,,,,,,,,,,,,http://roofing-service-experts.com/?service=roof-leak-repair&sl=6,Emergency Repairs,24/7 Emergency Service,Storm Damage Response,,,,
roofing-service-experts.com | [DATE],Roof Leak Repair,,,,,,,,,,,,,,,,,,,,,http://roofing-service-experts.com/?service=roof-leak-repair&sl=7,Roof Replacement,New Roof Installation,All Materials Available,,,,
roofing-service-experts.com | [DATE],Roof Leak Repair,,,,,,,,,,,,,,,,,,,,,,,,,24/7 Emergency,,,
roofing-service-experts.com | [DATE],Roof Leak Repair,,,,,,,,,,,,,,,,,,,,,,,,,Same Day Service,,,
roofing-service-experts.com | [DATE],Roof Leak Repair,,,,,,,,,,,,,,,,,,,,,,,,,Insurance Billing,,,
roofing-service-experts.com | [DATE],Roof Leak Repair,,,,,,,,,,,,,,,,,,,,,,,,,Licensed & Insured,,,
roofing-service-experts.com | [DATE],Roof Leak Repair,,,,,,,,,,,,,,,,,,,,,,,,,Free Inspections,,,
roofing-service-experts.com | [DATE],Roof Leak Repair,,,,,,,,,,,,,,,,,,,,,,,,,25+ Years Experience,,,
roofing-service-experts.com | [DATE],Roof Leak Repair,,,,,,,,,,,,,,,,,,,,,,,,,Local Experts,,,
roofing-service-experts.com | [DATE],Roof Leak Repair,,,,,,,,,,,,,,,,,,,,,,,,,Professional Service,,,
roofing-service-experts.com | [DATE],Roof Leak Repair,,,,,,,,,,,,,,,,,,,,,,,,,,Services,"Leak Detection
Leak Repair
Water Damage Prevention
Same Day Service
Free Inspections
All Roof Types",
roofing-service-experts.com | [DATE],Roof Leak Repair,,,,,,,,,,,,,,,,,,,,,,,,,,,,roof leak repair
roofing-service-experts.com | [DATE],Storm Damage Repair,Responsive search ad,,Storm Damage Roof Repair,-,Post-Storm Roof Repairs,-,Insurance Claims Help,-,Fast Storm Damage Repairs,-,Storm Damage Roof Repair. Insurance Claims Assistance. Fast Response. Licensed Roofers!,-,Roof Damaged By Storm? We'll Help With Your Insurance Claim. Fast Repairs. Call Now!,-,Post-Storm Roof Repairs. We Document Everything For Your Insurance. Call Today!,-,Storm Damage? We Work With Your Insurance. Fast Repairs. Professional Service!,-,,,http://roofing-service-experts.com/?service=storm-damage-repair,,,,,,,
roofing-service-experts.com | [DATE],Storm Damage Repair,Responsive search ad,Ad 2,{LOCATION(City):Local} Storm Damage,1,Call Now - Same Day Service,2,Insurance Claims Help,-,Fast Storm Damage Repairs,-,Storm Damage Roof Repair. Insurance Claims Assistance. Fast Response. Licensed Roofers!,-,Roof Damaged By Storm? We'll Help With Your Insurance Claim. Fast Repairs. Call Now!,-,Post-Storm Roof Repairs. We Document Everything For Your Insurance. Call Today!,-,Storm Damage? We Work With Your Insurance. Fast Repairs. Professional Service!,-,,,http://roofing-service-experts.com/?service=storm-damage-repair,,,,,,,
roofing-service-experts.com | [DATE],Storm Damage Repair,,,,,,,,,,,,,,,,,,,,,http://roofing-service-experts.com/?service=storm-damage-repair&sl=1,Same Day Service,Fast Response Times,We Come To You Today,,,,
roofing-service-experts.com | [DATE],Storm Damage Repair,,,,,,,,,,,,,,,,,,,,,http://roofing-service-experts.com/?service=storm-damage-repair&sl=2,Insurance Billing,We Work With Insurance,Claims Help Included,,,,
roofing-service-experts.com | [DATE],Storm Damage Repair,,,,,,,,,,,,,,,,,,,,,http://roofing-service-experts.com/?service=storm-damage-repair&sl=3,Free Inspections,No-Cost Roof Inspection,Get Expert Assessment,,,,
roofing-service-experts.com | [DATE],Storm Damage Repair,,,,,,,,,,,,,,,,,,,,,http://roofing-service-experts.com/?service=storm-damage-repair&sl=4,Licensed & Insured,Professional Roofers,Quality Workmanship,,,,
roofing-service-experts.com | [DATE],Storm Damage Repair,,,,,,,,,,,,,,,,,,,,,http://roofing-service-experts.com/?service=storm-damage-repair&sl=5,Why Choose Us,25+ Years Experience,Local Roofing Experts,,,,
roofing-service-experts.com | [DATE],Storm Damage Repair,,,,,,,,,,,,,,,,,,,,,http://roofing-service-experts.com/?service=storm-damage-repair&sl=6,Emergency Repairs,24/7 Emergency Service,Storm Damage Response,,,,
roofing-service-experts.com | [DATE],Storm Damage Repair,,,,,,,,,,,,,,,,,,,,,http://roofing-service-experts.com/?service=storm-damage-repair&sl=7,Roof Replacement,New Roof Installation,All Materials Available,,,,
roofing-service-experts.com | [DATE],Storm Damage Repair,,,,,,,,,,,,,,,,,,,,,,,,,24/7 Emergency,,,
roofing-service-experts.com | [DATE],Storm Damage Repair,,,,,,,,,,,,,,,,,,,,,,,,,Same Day Service,,,
roofing-service-experts.com | [DATE],Storm Damage Repair,,,,,,,,,,,,,,,,,,,,,,,,,Insurance Billing,,,
roofing-service-experts.com | [DATE],Storm Damage Repair,,,,,,,,,,,,,,,,,,,,,,,,,Licensed & Insured,,,
roofing-service-experts.com | [DATE],Storm Damage Repair,,,,,,,,,,,,,,,,,,,,,,,,,Free Inspections,,,
roofing-service-experts.com | [DATE],Storm Damage Repair,,,,,,,,,,,,,,,,,,,,,,,,,25+ Years Experience,,,
roofing-service-experts.com | [DATE],Storm Damage Repair,,,,,,,,,,,,,,,,,,,,,,,,,Local Experts,,,
roofing-service-experts.com | [DATE],Storm Damage Repair,,,,,,,,,,,,,,,,,,,,,,,,,Professional Service,,,
roofing-service-experts.com | [DATE],Storm Damage Repair,,,,,,,,,,,,,,,,,,,,,,,,,,Services,"Storm Damage
Insurance Claims
Emergency Repairs
Tarp Installation
Documentation
All Repairs",
roofing-service-experts.com | [DATE],Storm Damage Repair,,,,,,,,,,,,,,,,,,,,,,,,,,,,storm damage repair
roofing-service-experts.com | [DATE],Roof Inspection,Responsive search ad,,Professional Roof Inspection,-,Free Roof Inspection,-,Thorough Roof Assessment,-,Expert Roof Inspection,-,Professional Roof Inspection. Free Assessment. Licensed Inspectors. Know Your Roof's Condition!,-,Free Roof Inspection & Assessment. We Check Everything. Detailed Report. Call Today!,-,Get A Thorough Roof Inspection. Identify Problems Early. Free Inspection. Call Now!,-,Expert Roof Inspections. Complete Assessment. Licensed Professionals. Schedule Today!,-,,,http://roofing-service-experts.com/?service=roof-inspection,,,,,,,
roofing-service-experts.com | [DATE],Roof Inspection,Responsive search ad,Ad 2,{LOCATION(City):Local} Roof Inspection,1,Call Now - Same Day Service,2,Thorough Roof Assessment,-,Expert Roof Inspection,-,Professional Roof Inspection. Free Assessment. Licensed Inspectors. Know Your Roof's Condition!,-,Free Roof Inspection & Assessment. We Check Everything. Detailed Report. Call Today!,-,Get A Thorough Roof Inspection. Identify Problems Early. Free Inspection. Call Now!,-,Expert Roof Inspections. Complete Assessment. Licensed Professionals. Schedule Today!,-,,,http://roofing-service-experts.com/?service=roof-inspection,,,,,,,
roofing-service-experts.com | [DATE],Roof Inspection,,,,,,,,,,,,,,,,,,,,,http://roofing-service-experts.com/?service=roof-inspection&sl=1,Same Day Service,Fast Response Times,We Come To You Today,,,,
roofing-service-experts.com | [DATE],Roof Inspection,,,,,,,,,,,,,,,,,,,,,http://roofing-service-experts.com/?service=roof-inspection&sl=2,Insurance Billing,We Work With Insurance,Claims Help Included,,,,
roofing-service-experts.com | [DATE],Roof Inspection,,,,,,,,,,,,,,,,,,,,,http://roofing-service-experts.com/?service=roof-inspection&sl=3,Free Inspections,No-Cost Roof Inspection,Get Expert Assessment,,,,
roofing-service-experts.com | [DATE],Roof Inspection,,,,,,,,,,,,,,,,,,,,,http://roofing-service-experts.com/?service=roof-inspection&sl=4,Licensed & Insured,Professional Roofers,Quality Workmanship,,,,
roofing-service-experts.com | [DATE],Roof Inspection,,,,,,,,,,,,,,,,,,,,,http://roofing-service-experts.com/?service=roof-inspection&sl=5,Why Choose Us,25+ Years Experience,Local Roofing Experts,,,,
roofing-service-experts.com | [DATE],Roof Inspection,,,,,,,,,,,,,,,,,,,,,http://roofing-service-experts.com/?service=roof-inspection&sl=6,Emergency Repairs,24/7 Emergency Service,Storm Damage Response,,,,
roofing-service-experts.com | [DATE],Roof Inspection,,,,,,,,,,,,,,,,,,,,,http://roofing-service-experts.com/?service=roof-inspection&sl=7,Roof Replacement,New Roof Installation,All Materials Available,,,,
roofing-service-experts.com | [DATE],Roof Inspection,,,,,,,,,,,,,,,,,,,,,,,,,24/7 Emergency,,,
roofing-service-experts.com | [DATE],Roof Inspection,,,,,,,,,,,,,,,,,,,,,,,,,Same Day Service,,,
roofing-service-experts.com | [DATE],Roof Inspection,,,,,,,,,,,,,,,,,,,,,,,,,Insurance Billing,,,
roofing-service-experts.com | [DATE],Roof Inspection,,,,,,,,,,,,,,,,,,,,,,,,,Licensed & Insured,,,
roofing-service-experts.com | [DATE],Roof Inspection,,,,,,,,,,,,,,,,,,,,,,,,,Free Inspections,,,
roofing-service-experts.com | [DATE],Roof Inspection,,,,,,,,,,,,,,,,,,,,,,,,,25+ Years Experience,,,
roofing-service-experts.com | [DATE],Roof Inspection,,,,,,,,,,,,,,,,,,,,,,,,,Local Experts,,,
roofing-service-experts.com | [DATE],Roof Inspection,,,,,,,,,,,,,,,,,,,,,,,,,Professional Service,,,
roofing-service-experts.com | [DATE],Roof Inspection,,,,,,,,,,,,,,,,,,,,,,,,,,Services,"Roof Inspection
Free Assessment
Detailed Report
All Roof Types
Licensed Inspectors
Photo Documentation",
roofing-service-experts.com | [DATE],Roof Inspection,,,,,,,,,,,,,,,,,,,,,,,,,,,,roof inspection
roofing-service-experts.com | [DATE],Insurance Roof Inspection,Responsive search ad,,Insurance Roof Inspection,-,Claim Inspection Services,-,Pre-Claim Roof Assessment,-,Insurance Documentation,-,Insurance Roof Inspection. We Document Everything For Your Claim. Professional Service!,-,Need A Roof Inspection For Insurance? We'll Document All Damage. Call Today!,-,Pre-Claim Roof Inspection. Thorough Documentation. Work With All Insurers. Call Now!,-,Insurance Roof Assessment. Complete Documentation. Help With Claims Process!,-,,,http://roofing-service-experts.com/?service=insurance-roof-inspection,,,,,,,
roofing-service-experts.com | [DATE],Insurance Roof Inspection,Responsive search ad,Ad 2,{LOCATION(City):Local} Insurance Inspection,1,Call Now - Same Day Service,2,Pre-Claim Roof Assessment,-,Insurance Documentation,-,Insurance Roof Inspection. We Document Everything For Your Claim. Professional Service!,-,Need A Roof Inspection For Insurance? We'll Document All Damage. Call Today!,-,Pre-Claim Roof Inspection. Thorough Documentation. Work With All Insurers. Call Now!,-,Insurance Roof Assessment. Complete Documentation. Help With Claims Process!,-,,,http://roofing-service-experts.com/?service=insurance-roof-inspection,,,,,,,
roofing-service-experts.com | [DATE],Insurance Roof Inspection,,,,,,,,,,,,,,,,,,,,,http://roofing-service-experts.com/?service=insurance-roof-inspection&sl=1,Same Day Service,Fast Response Times,We Come To You Today,,,,
roofing-service-experts.com | [DATE],Insurance Roof Inspection,,,,,,,,,,,,,,,,,,,,,http://roofing-service-experts.com/?service=insurance-roof-inspection&sl=2,Insurance Billing,We Work With Insurance,Claims Help Included,,,,
roofing-service-experts.com | [DATE],Insurance Roof Inspection,,,,,,,,,,,,,,,,,,,,,http://roofing-service-experts.com/?service=insurance-roof-inspection&sl=3,Free Inspections,No-Cost Roof Inspection,Get Expert Assessment,,,,
roofing-service-experts.com | [DATE],Insurance Roof Inspection,,,,,,,,,,,,,,,,,,,,,http://roofing-service-experts.com/?service=insurance-roof-inspection&sl=4,Licensed & Insured,Professional Roofers,Quality Workmanship,,,,
roofing-service-experts.com | [DATE],Insurance Roof Inspection,,,,,,,,,,,,,,,,,,,,,http://roofing-service-experts.com/?service=insurance-roof-inspection&sl=5,Why Choose Us,25+ Years Experience,Local Roofing Experts,,,,
roofing-service-experts.com | [DATE],Insurance Roof Inspection,,,,,,,,,,,,,,,,,,,,,http://roofing-service-experts.com/?service=insurance-roof-inspection&sl=6,Emergency Repairs,24/7 Emergency Service,Storm Damage Response,,,,
roofing-service-experts.com | [DATE],Insurance Roof Inspection,,,,,,,,,,,,,,,,,,,,,http://roofing-service-experts.com/?service=insurance-roof-inspection&sl=7,Roof Replacement,New Roof Installation,All Materials Available,,,,
roofing-service-experts.com | [DATE],Insurance Roof Inspection,,,,,,,,,,,,,,,,,,,,,,,,,24/7 Emergency,,,
roofing-service-experts.com | [DATE],Insurance Roof Inspection,,,,,,,,,,,,,,,,,,,,,,,,,Same Day Service,,,
roofing-service-experts.com | [DATE],Insurance Roof Inspection,,,,,,,,,,,,,,,,,,,,,,,,,Insurance Billing,,,
roofing-service-experts.com | [DATE],Insurance Roof Inspection,,,,,,,,,,,,,,,,,,,,,,,,,Licensed & Insured,,,
roofing-service-experts.com | [DATE],Insurance Roof Inspection,,,,,,,,,,,,,,,,,,,,,,,,,Free Inspections,,,
roofing-service-experts.com | [DATE],Insurance Roof Inspection,,,,,,,,,,,,,,,,,,,,,,,,,25+ Years Experience,,,
roofing-service-experts.com | [DATE],Insurance Roof Inspection,,,,,,,,,,,,,,,,,,,,,,,,,Local Experts,,,
roofing-service-experts.com | [DATE],Insurance Roof Inspection,,,,,,,,,,,,,,,,,,,,,,,,,Professional Service,,,
roofing-service-experts.com | [DATE],Insurance Roof Inspection,,,,,,,,,,,,,,,,,,,,,,,,,,Services,"Insurance Inspections
Claim Documentation
Photo Evidence
Detailed Reports
All Insurers
Professional Service",
roofing-service-experts.com | [DATE],Insurance Roof Inspection,,,,,,,,,,,,,,,,,,,,,,,,,,,,insurance roof inspection
roofing-service-experts.com | [DATE],Roof Maintenance,Responsive search ad,,Roof Maintenance Services,-,Extend Your Roof's Life,-,Preventive Roof Care,-,Annual Roof Maintenance,-,Roof Maintenance Services. Extend Your Roof's Life. Prevent Costly Repairs. Call Today!,-,Regular Roof Maintenance Saves Money. Professional Service. Licensed Roofers. Schedule Now!,-,Keep Your Roof In Top Shape. Maintenance Plans Available. Prevent Problems. Call Today!,-,"Professional Roof Maintenance. Inspections, Cleaning, Minor Repairs. Protect Your Investment!",-,,,http://roofing-service-experts.com/?service=roof-maintenance,,,,,,,
roofing-service-experts.com | [DATE],Roof Maintenance,Responsive search ad,Ad 2,{LOCATION(City):Local} Maintenance,1,Call Now - Same Day Service,2,Preventive Roof Care,-,Annual Roof Maintenance,-,Roof Maintenance Services. Extend Your Roof's Life. Prevent Costly Repairs. Call Today!,-,Regular Roof Maintenance Saves Money. Professional Service. Licensed Roofers. Schedule Now!,-,Keep Your Roof In Top Shape. Maintenance Plans Available. Prevent Problems. Call Today!,-,"Professional Roof Maintenance. Inspections, Cleaning, Minor Repairs. Protect Your Investment!",-,,,http://roofing-service-experts.com/?service=roof-maintenance,,,,,,,
roofing-service-experts.com | [DATE],Roof Maintenance,,,,,,,,,,,,,,,,,,,,,http://roofing-service-experts.com/?service=roof-maintenance&sl=1,Same Day Service,Fast Response Times,We Come To You Today,,,,
roofing-service-experts.com | [DATE],Roof Maintenance,,,,,,,,,,,,,,,,,,,,,http://roofing-service-experts.com/?service=roof-maintenance&sl=2,Insurance Billing,We Work With Insurance,Claims Help Included,,,,
roofing-service-experts.com | [DATE],Roof Maintenance,,,,,,,,,,,,,,,,,,,,,http://roofing-service-experts.com/?service=roof-maintenance&sl=3,Free Inspections,No-Cost Roof Inspection,Get Expert Assessment,,,,
roofing-service-experts.com | [DATE],Roof Maintenance,,,,,,,,,,,,,,,,,,,,,http://roofing-service-experts.com/?service=roof-maintenance&sl=4,Licensed & Insured,Professional Roofers,Quality Workmanship,,,,
roofing-service-experts.com | [DATE],Roof Maintenance,,,,,,,,,,,,,,,,,,,,,http://roofing-service-experts.com/?service=roof-maintenance&sl=5,Why Choose Us,25+ Years Experience,Local Roofing Experts,,,,
roofing-service-experts.com | [DATE],Roof Maintenance,,,,,,,,,,,,,,,,,,,,,http://roofing-service-experts.com/?service=roof-maintenance&sl=6,Emergency Repairs,24/7 Emergency Service,Storm Damage Response,,,,
roofing-service-experts.com | [DATE],Roof Maintenance,,,,,,,,,,,,,,,,,,,,,http://roofing-service-experts.com/?service=roof-maintenance&sl=7,Roof Replacement,New Roof Installation,All Materials Available,,,,
roofing-service-experts.com | [DATE],Roof Maintenance,,,,,,,,,,,,,,,,,,,,,,,,,24/7 Emergency,,,
roofing-service-experts.com | [DATE],Roof Maintenance,,,,,,,,,,,,,,,,,,,,,,,,,Same Day Service,,,
roofing-service-experts.com | [DATE],Roof Maintenance,,,,,,,,,,,,,,,,,,,,,,,,,Insurance Billing,,,
roofing-service-experts.com | [DATE],Roof Maintenance,,,,,,,,,,,,,,,,,,,,,,,,,Licensed & Insured,,,
roofing-service-experts.com | [DATE],Roof Maintenance,,,,,,,,,,,,,,,,,,,,,,,,,Free Inspections,,,
roofing-service-experts.com | [DATE],Roof Maintenance,,,,,,,,,,,,,,,,,,,,,,,,,25+ Years Experience,,,
roofing-service-experts.com | [DATE],Roof Maintenance,,,,,,,,,,,,,,,,,,,,,,,,,Local Experts,,,
roofing-service-experts.com | [DATE],Roof Maintenance,,,,,,,,,,,,,,,,,,,,,,,,,Professional Service,,,
roofing-service-experts.com | [DATE],Roof Maintenance,,,,,,,,,,,,,,,,,,,,,,,,,,Services,"Roof Maintenance
Inspections
Cleaning
Minor Repairs
Preventive Care
Maintenance Plans",
roofing-service-experts.com | [DATE],Roof Maintenance,,,,,,,,,,,,,,,,,,,,,,,,,,,,roof maintenance
roofing-service-experts.com | [DATE],Roof Repair,Responsive search ad,,Professional Roof Repair,-,Same Day Roof Repair,-,Fix Your Roof Today,-,Expert Roof Repairs,-,Professional Roof Repair. Same Day Service. All Roof Types. Licensed & Insured. Call Now!,-,Need Roof Repair? We'll Fix It Today. Quality Materials. Experienced Roofers. Call Now!,-,Fast Roof Repairs. All Materials. Licensed Professionals. Free Inspections. Call Today!,-,Expert Roof Repairs. Same Day Service. Quality Workmanship. Get Your Roof Fixed Today!,-,,,http://roofing-service-experts.com/?service=roof-repair,,,,,,,
roofing-service-experts.com | [DATE],Roof Repair,Responsive search ad,Ad 2,{LOCATION(City):Local} Roof Repair,1,Call Now - Same Day Service,2,Fix Your Roof Today,-,Expert Roof Repairs,-,Professional Roof Repair. Same Day Service. All Roof Types. Licensed & Insured. Call Now!,-,Need Roof Repair? We'll Fix It Today. Quality Materials. Experienced Roofers. Call Now!,-,Fast Roof Repairs. All Materials. Licensed Professionals. Free Inspections. Call Today!,-,Expert Roof Repairs. Same Day Service. Quality Workmanship. Get Your Roof Fixed Today!,-,,,http://roofing-service-experts.com/?service=roof-repair,,,,,,,
roofing-service-experts.com | [DATE],Roof Repair,,,,,,,,,,,,,,,,,,,,,http://roofing-service-experts.com/?service=roof-repair&sl=1,Same Day Service,Fast Response Times,We Come To You Today,,,,
roofing-service-experts.com | [DATE],Roof Repair,,,,,,,,,,,,,,,,,,,,,http://roofing-service-experts.com/?service=roof-repair&sl=2,Insurance Billing,We Work With Insurance,Claims Help Included,,,,
roofing-service-experts.com | [DATE],Roof Repair,,,,,,,,,,,,,,,,,,,,,http://roofing-service-experts.com/?service=roof-repair&sl=3,Free Inspections,No-Cost Roof Inspection,Get Expert Assessment,,,,
roofing-service-experts.com | [DATE],Roof Repair,,,,,,,,,,,,,,,,,,,,,http://roofing-service-experts.com/?service=roof-repair&sl=4,Licensed & Insured,Professional Roofers,Quality Workmanship,,,,
roofing-service-experts.com | [DATE],Roof Repair,,,,,,,,,,,,,,,,,,,,,http://roofing-service-experts.com/?service=roof-repair&sl=5,Why Choose Us,25+ Years Experience,Local Roofing Experts,,,,
roofing-service-experts.com | [DATE],Roof Repair,,,,,,,,,,,,,,,,,,,,,http://roofing-service-experts.com/?service=roof-repair&sl=6,Emergency Repairs,24/7 Emergency Service,Storm Damage Response,,,,
roofing-service-experts.com | [DATE],Roof Repair,,,,,,,,,,,,,,,,,,,,,http://roofing-service-experts.com/?service=roof-repair&sl=7,Roof Replacement,New Roof Installation,All Materials Available,,,,
roofing-service-experts.com | [DATE],Roof Repair,,,,,,,,,,,,,,,,,,,,,,,,,24/7 Emergency,,,
roofing-service-experts.com | [DATE],Roof Repair,,,,,,,,,,,,,,,,,,,,,,,,,Same Day Service,,,
roofing-service-experts.com | [DATE],Roof Repair,,,,,,,,,,,,,,,,,,,,,,,,,Insurance Billing,,,
roofing-service-experts.com | [DATE],Roof Repair,,,,,,,,,,,,,,,,,,,,,,,,,Licensed & Insured,,,
roofing-service-experts.com | [DATE],Roof Repair,,,,,,,,,,,,,,,,,,,,,,,,,Free Inspections,,,
roofing-service-experts.com | [DATE],Roof Repair,,,,,,,,,,,,,,,,,,,,,,,,,25+ Years Experience,,,
roofing-service-experts.com | [DATE],Roof Repair,,,,,,,,,,,,,,,,,,,,,,,,,Local Experts,,,
roofing-service-experts.com | [DATE],Roof Repair,,,,,,,,,,,,,,,,,,,,,,,,,Professional Service,,,
roofing-service-experts.com | [DATE],Roof Repair,,,,,,,,,,,,,,,,,,,,,,,,,,Services,"Roof Repair
Leak Repair
Shingle Replacement
Flashing Repair
All Materials
Same Day Service",
roofing-service-experts.com | [DATE],Roof Repair,,,,,,,,,,,,,,,,,,,,,,,,,,,,roof repair
roofing-service-experts.com | [DATE],Shingle Repair,Responsive search ad,,Shingle Roof Repair,-,Replace Missing Shingles,-,Asphalt Shingle Repair,-,Fast Shingle Replacement,-,Shingle Roof Repair. Missing Or Damaged Shingles? We'll Fix It Today. Call Now!,-,Asphalt Shingle Repair & Replacement. Same Day Service. Licensed Roofers. Call Today!,-,Missing Shingles? Don't Wait. Professional Repairs. Quality Materials. Call Now!,-,Fast Shingle Repair. 3-Tab & Architectural. Same Day Service. Get It Fixed Today!,-,,,http://roofing-service-experts.com/?service=shingle-repair,,,,,,,
roofing-service-experts.com | [DATE],Shingle Repair,Responsive search ad,Ad 2,{LOCATION(City):Local} Shingle Repair,1,Call Now - Same Day Service,2,Asphalt Shingle Repair,-,Fast Shingle Replacement,-,Shingle Roof Repair. Missing Or Damaged Shingles? We'll Fix It Today. Call Now!,-,Asphalt Shingle Repair & Replacement. Same Day Service. Licensed Roofers. Call Today!,-,Missing Shingles? Don't Wait. Professional Repairs. Quality Materials. Call Now!,-,Fast Shingle Repair. 3-Tab & Architectural. Same Day Service. Get It Fixed Today!,-,,,http://roofing-service-experts.com/?service=shingle-repair,,,,,,,
roofing-service-experts.com | [DATE],Shingle Repair,,,,,,,,,,,,,,,,,,,,,http://roofing-service-experts.com/?service=shingle-repair&sl=1,Same Day Service,Fast Response Times,We Come To You Today,,,,
roofing-service-experts.com | [DATE],Shingle Repair,,,,,,,,,,,,,,,,,,,,,http://roofing-service-experts.com/?service=shingle-repair&sl=2,Insurance Billing,We Work With Insurance,Claims Help Included,,,,
roofing-service-experts.com | [DATE],Shingle Repair,,,,,,,,,,,,,,,,,,,,,http://roofing-service-experts.com/?service=shingle-repair&sl=3,Free Inspections,No-Cost Roof Inspection,Get Expert Assessment,,,,
roofing-service-experts.com | [DATE],Shingle Repair,,,,,,,,,,,,,,,,,,,,,http://roofing-service-experts.com/?service=shingle-repair&sl=4,Licensed & Insured,Professional Roofers,Quality Workmanship,,,,
roofing-service-experts.com | [DATE],Shingle Repair,,,,,,,,,,,,,,,,,,,,,http://roofing-service-experts.com/?service=shingle-repair&sl=5,Why Choose Us,25+ Years Experience,Local Roofing Experts,,,,
roofing-service-experts.com | [DATE],Shingle Repair,,,,,,,,,,,,,,,,,,,,,http://roofing-service-experts.com/?service=shingle-repair&sl=6,Emergency Repairs,24/7 Emergency Service,Storm Damage Response,,,,
roofing-service-experts.com | [DATE],Shingle Repair,,,,,,,,,,,,,,,,,,,,,http://roofing-service-experts.com/?service=shingle-repair&sl=7,Roof Replacement,New Roof Installation,All Materials Available,,,,
roofing-service-experts.com | [DATE],Shingle Repair,,,,,,,,,,,,,,,,,,,,,,,,,24/7 Emergency,,,
roofing-service-experts.com | [DATE],Shingle Repair,,,,,,,,,,,,,,,,,,,,,,,,,Same Day Service,,,
roofing-service-experts.com | [DATE],Shingle Repair,,,,,,,,,,,,,,,,,,,,,,,,,Insurance Billing,,,
roofing-service-experts.com | [DATE],Shingle Repair,,,,,,,,,,,,,,,,,,,,,,,,,Licensed & Insured,,,
roofing-service-experts.com | [DATE],Shingle Repair,,,,,,,,,,,,,,,,,,,,,,,,,Free Inspections,,,
roofing-service-experts.com | [DATE],Shingle Repair,,,,,,,,,,,,,,,,,,,,,,,,,25+ Years Experience,,,
roofing-service-experts.com | [DATE],Shingle Repair,,,,,,,,,,,,,,,,,,,,,,,,,Local Experts,,,
roofing-service-experts.com | [DATE],Shingle Repair,,,,,,,,,,,,,,,,,,,,,,,,,Professional Service,,,
roofing-service-experts.com | [DATE],Shingle Repair,,,,,,,,,,,,,,,,,,,,,,,,,,Services,"Shingle Repair
Shingle Replacement
3-Tab Shingles
Architectural Shingles
Wind Damage
Storm Damage",
roofing-service-experts.com | [DATE],Shingle Repair,,,,,,,,,,,,,,,,,,,,,,,,,,,,shingle repair
roofing-service-experts.com | [DATE],Flat Roof Repair,Responsive search ad,,Flat Roof Repair Experts,-,Commercial Flat Roof Repair,-,TPO & EPDM Roof Repair,-,Flat Roof Leak Repair,-,"Flat Roof Repair Specialists. TPO, EPDM, Modified Bitumen. Licensed Roofers. Call Now!",-,Commercial Flat Roof Repair. Stop Leaks. Membrane Repairs. Professional Service!,-,Flat Roof Leaking? We'll Fix It Today. All Flat Roof Systems. Call Now!,-,"Expert Flat Roof Repairs. Ponding Water, Leaks, Membrane Damage. Call Today!",-,,,http://roofing-service-experts.com/?service=flat-roof-repair,,,,,,,
roofing-service-experts.com | [DATE],Flat Roof Repair,Responsive search ad,Ad 2,{LOCATION(City):Local} Flat Roof,1,Call Now - Same Day Service,2,TPO & EPDM Roof Repair,-,Flat Roof Leak Repair,-,"Flat Roof Repair Specialists. TPO, EPDM, Modified Bitumen. Licensed Roofers. Call Now!",-,Commercial Flat Roof Repair. Stop Leaks. Membrane Repairs. Professional Service!,-,Flat Roof Leaking? We'll Fix It Today. All Flat Roof Systems. Call Now!,-,"Expert Flat Roof Repairs. Ponding Water, Leaks, Membrane Damage. Call Today!",-,,,http://roofing-service-experts.com/?service=flat-roof-repair,,,,,,,
roofing-service-experts.com | [DATE],Flat Roof Repair,,,,,,,,,,,,,,,,,,,,,http://roofing-service-experts.com/?service=flat-roof-repair&sl=1,Same Day Service,Fast Response Times,We Come To You Today,,,,
roofing-service-experts.com | [DATE],Flat Roof Repair,,,,,,,,,,,,,,,,,,,,,http://roofing-service-experts.com/?service=flat-roof-repair&sl=2,Insurance Billing,We Work With Insurance,Claims Help Included,,,,
roofing-service-experts.com | [DATE],Flat Roof Repair,,,,,,,,,,,,,,,,,,,,,http://roofing-service-experts.com/?service=flat-roof-repair&sl=3,Free Inspections,No-Cost Roof Inspection,Get Expert Assessment,,,,
roofing-service-experts.com | [DATE],Flat Roof Repair,,,,,,,,,,,,,,,,,,,,,http://roofing-service-experts.com/?service=flat-roof-repair&sl=4,Licensed & Insured,Professional Roofers,Quality Workmanship,,,,
roofing-service-experts.com | [DATE],Flat Roof Repair,,,,,,,,,,,,,,,,,,,,,http://roofing-service-experts.com/?service=flat-roof-repair&sl=5,Why Choose Us,25+ Years Experience,Local Roofing Experts,,,,
roofing-service-experts.com | [DATE],Flat Roof Repair,,,,,,,,,,,,,,,,,,,,,http://roofing-service-experts.com/?service=flat-roof-repair&sl=6,Emergency Repairs,24/7 Emergency Service,Storm Damage Response,,,,
roofing-service-experts.com | [DATE],Flat Roof Repair,,,,,,,,,,,,,,,,,,,,,http://roofing-service-experts.com/?service=flat-roof-repair&sl=7,Roof Replacement,New Roof Installation,All Materials Available,,,,
roofing-service-experts.com | [DATE],Flat Roof Repair,,,,,,,,,,,,,,,,,,,,,,,,,24/7 Emergency,,,
roofing-service-experts.com | [DATE],Flat Roof Repair,,,,,,,,,,,,,,,,,,,,,,,,,Same Day Service,,,
roofing-service-experts.com | [DATE],Flat Roof Repair,,,,,,,,,,,,,,,,,,,,,,,,,Insurance Billing,,,
roofing-service-experts.com | [DATE],Flat Roof Repair,,,,,,,,,,,,,,,,,,,,,,,,,Licensed & Insured,,,
roofing-service-experts.com | [DATE],Flat Roof Repair,,,,,,,,,,,,,,,,,,,,,,,,,Free Inspections,,,
roofing-service-experts.com | [DATE],Flat Roof Repair,,,,,,,,,,,,,,,,,,,,,,,,,25+ Years Experience,,,
roofing-service-experts.com | [DATE],Flat Roof Repair,,,,,,,,,,,,,,,,,,,,,,,,,Local Experts,,,
roofing-service-experts.com | [DATE],Flat Roof Repair,,,,,,,,,,,,,,,,,,,,,,,,,Professional Service,,,
roofing-service-experts.com | [DATE],Flat Roof Repair,,,,,,,,,,,,,,,,,,,,,,,,,,Services,"Flat Roof Repair
TPO Repair
EPDM Repair
Membrane Repair
Commercial Roofs
Leak Repair",
roofing-service-experts.com | [DATE],Flat Roof Repair,,,,,,,,,,,,,,,,,,,,,,,,,,,,flat roof repair
roofing-service-experts.com | [DATE],Metal Roof Repair,Responsive search ad,,Metal Roof Repair Experts,-,Standing Seam Repair,-,Metal Roof Leak Repair,-,Rust & Panel Repair,-,"Metal Roof Repair Specialists. Leaks, Rust, Panels, Fasteners. Licensed Roofers!",-,"Metal Roof Leaking? We'll Fix It. Standing Seam, Corrugated, All Types. Call Now!",-,"Expert Metal Roof Repairs. Panel Replacement, Rust Treatment, Leak Repair. Call Today!",-,"Professional Metal Roof Repair. Fasteners, Seams, Panels. Quality Work. Call Now!",-,,,http://roofing-service-experts.com/?service=metal-roof-repair,,,,,,,
roofing-service-experts.com | [DATE],Metal Roof Repair,Responsive search ad,Ad 2,{LOCATION(City):Local} Metal Roof,1,Call Now - Same Day Service,2,Metal Roof Leak Repair,-,Rust & Panel Repair,-,"Metal Roof Repair Specialists. Leaks, Rust, Panels, Fasteners. Licensed Roofers!",-,"Metal Roof Leaking? We'll Fix It. Standing Seam, Corrugated, All Types. Call Now!",-,"Expert Metal Roof Repairs. Panel Replacement, Rust Treatment, Leak Repair. Call Today!",-,"Professional Metal Roof Repair. Fasteners, Seams, Panels. Quality Work. Call Now!",-,,,http://roofing-service-experts.com/?service=metal-roof-repair,,,,,,,
roofing-service-experts.com | [DATE],Metal Roof Repair,,,,,,,,,,,,,,,,,,,,,http://roofing-service-experts.com/?service=metal-roof-repair&sl=1,Same Day Service,Fast Response Times,We Come To You Today,,,,
roofing-service-experts.com | [DATE],Metal Roof Repair,,,,,,,,,,,,,,,,,,,,,http://roofing-service-experts.com/?service=metal-roof-repair&sl=2,Insurance Billing,We Work With Insurance,Claims Help Included,,,,
roofing-service-experts.com | [DATE],Metal Roof Repair,,,,,,,,,,,,,,,,,,,,,http://roofing-service-experts.com/?service=metal-roof-repair&sl=3,Free Inspections,No-Cost Roof Inspection,Get Expert Assessment,,,,
roofing-service-experts.com | [DATE],Metal Roof Repair,,,,,,,,,,,,,,,,,,,,,http://roofing-service-experts.com/?service=metal-roof-repair&sl=4,Licensed & Insured,Professional Roofers,Quality Workmanship,,,,
roofing-service-experts.com | [DATE],Metal Roof Repair,,,,,,,,,,,,,,,,,,,,,http://roofing-service-experts.com/?service=metal-roof-repair&sl=5,Why Choose Us,25+ Years Experience,Local Roofing Experts,,,,
roofing-service-experts.com | [DATE],Metal Roof Repair,,,,,,,,,,,,,,,,,,,,,http://roofing-service-experts.com/?service=metal-roof-repair&sl=6,Emergency Repairs,24/7 Emergency Service,Storm Damage Response,,,,
roofing-service-experts.com | [DATE],Metal Roof Repair,,,,,,,,,,,,,,,,,,,,,http://roofing-service-experts.com/?service=metal-roof-repair&sl=7,Roof Replacement,New Roof Installation,All Materials Available,,,,
roofing-service-experts.com | [DATE],Metal Roof Repair,,,,,,,,,,,,,,,,,,,,,,,,,24/7 Emergency,,,
roofing-service-experts.com | [DATE],Metal Roof Repair,,,,,,,,,,,,,,,,,,,,,,,,,Same Day Service,,,
roofing-service-experts.com | [DATE],Metal Roof Repair,,,,,,,,,,,,,,,,,,,,,,,,,Insurance Billing,,,
roofing-service-experts.com | [DATE],Metal Roof Repair,,,,,,,,,,,,,,,,,,,,,,,,,Licensed & Insured,,,
roofing-service-experts.com | [DATE],Metal Roof Repair,,,,,,,,,,,,,,,,,,,,,,,,,Free Inspections,,,
roofing-service-experts.com | [DATE],Metal Roof Repair,,,,,,,,,,,,,,,,,,,,,,,,,25+ Years Experience,,,
roofing-service-experts.com | [DATE],Metal Roof Repair,,,,,,,,,,,,,,,,,,,,,,,,,Local Experts,,,
roofing-service-experts.com | [DATE],Metal Roof Repair,,,,,,,,,,,,,,,,,,,,,,,,,Professional Service,,,
roofing-service-experts.com | [DATE],Metal Roof Repair,,,,,,,,,,,,,,,,,,,,,,,,,,Services,"Metal Roof Repair
Panel Replacement
Rust Repair
Leak Repair
Standing Seam
Fastener Repair",
roofing-service-experts.com | [DATE],Metal Roof Repair,,,,,,,,,,,,,,,,,,,,,,,,,,,,metal roof repair
roofing-service-experts.com | [DATE],Tile Roof Repair,Responsive search ad,,Tile Roof Repair Experts,-,Clay & Concrete Tile Repair,-,Cracked Tile Replacement,-,Tile Roof Restoration,-,"Tile Roof Repair Specialists. Clay, Concrete, Spanish Tile. Licensed Roofers. Call Now!",-,Cracked Or Broken Tiles? We'll Replace Them. Professional Service. Call Today!,-,Expert Tile Roof Repairs. Matching Tiles. Quality Installation. Call Now!,-,Tile Roof Leaking? Cracked Tiles? We'll Fix It. All Tile Types. Call Today!,-,,,http://roofing-service-experts.com/?service=tile-roof-repair,,,,,,,
roofing-service-experts.com | [DATE],Tile Roof Repair,Responsive search ad,Ad 2,{LOCATION(City):Local} Tile Roof,1,Call Now - Same Day Service,2,Cracked Tile Replacement,-,Tile Roof Restoration,-,"Tile Roof Repair Specialists. Clay, Concrete, Spanish Tile. Licensed Roofers. Call Now!",-,Cracked Or Broken Tiles? We'll Replace Them. Professional Service. Call Today!,-,Expert Tile Roof Repairs. Matching Tiles. Quality Installation. Call Now!,-,Tile Roof Leaking? Cracked Tiles? We'll Fix It. All Tile Types. Call Today!,-,,,http://roofing-service-experts.com/?service=tile-roof-repair,,,,,,,
roofing-service-experts.com | [DATE],Tile Roof Repair,,,,,,,,,,,,,,,,,,,,,http://roofing-service-experts.com/?service=tile-roof-repair&sl=1,Same Day Service,Fast Response Times,We Come To You Today,,,,
roofing-service-experts.com | [DATE],Tile Roof Repair,,,,,,,,,,,,,,,,,,,,,http://roofing-service-experts.com/?service=tile-roof-repair&sl=2,Insurance Billing,We Work With Insurance,Claims Help Included,,,,
roofing-service-experts.com | [DATE],Tile Roof Repair,,,,,,,,,,,,,,,,,,,,,http://roofing-service-experts.com/?service=tile-roof-repair&sl=3,Free Inspections,No-Cost Roof Inspection,Get Expert Assessment,,,,
roofing-service-experts.com | [DATE],Tile Roof Repair,,,,,,,,,,,,,,,,,,,,,http://roofing-service-experts.com/?service=tile-roof-repair&sl=4,Licensed & Insured,Professional Roofers,Quality Workmanship,,,,
roofing-service-experts.com | [DATE],Tile Roof Repair,,,,,,,,,,,,,,,,,,,,,http://roofing-service-experts.com/?service=tile-roof-repair&sl=5,Why Choose Us,25+ Years Experience,Local Roofing Experts,,,,
roofing-service-experts.com | [DATE],Tile Roof Repair,,,,,,,,,,,,,,,,,,,,,http://roofing-service-experts.com/?service=tile-roof-repair&sl=6,Emergency Repairs,24/7 Emergency Service,Storm Damage Response,,,,
roofing-service-experts.com | [DATE],Tile Roof Repair,,,,,,,,,,,,,,,,,,,,,http://roofing-service-experts.com/?service=tile-roof-repair&sl=7,Roof Replacement,New Roof Installation,All Materials Available,,,,
roofing-service-experts.com | [DATE],Tile Roof Repair,,,,,,,,,,,,,,,,,,,,,,,,,24/7 Emergency,,,
roofing-service-experts.com | [DATE],Tile Roof Repair,,,,,,,,,,,,,,,,,,,,,,,,,Same Day Service,,,
roofing-service-experts.com | [DATE],Tile Roof Repair,,,,,,,,,,,,,,,,,,,,,,,,,Insurance Billing,,,
roofing-service-experts.com | [DATE],Tile Roof Repair,,,,,,,,,,,,,,,,,,,,,,,,,Licensed & Insured,,,
roofing-service-experts.com | [DATE],Tile Roof Repair,,,,,,,,,,,,,,,,,,,,,,,,,Free Inspections,,,
roofing-service-experts.com | [DATE],Tile Roof Repair,,,,,,,,,,,,,,,,,,,,,,,,,25+ Years Experience,,,
roofing-service-experts.com | [DATE],Tile Roof Repair,,,,,,,,,,,,,,,,,,,,,,,,,Local Experts,,,
roofing-service-experts.com | [DATE],Tile Roof Repair,,,,,,,,,,,,,,,,,,,,,,,,,Professional Service,,,
roofing-service-experts.com | [DATE],Tile Roof Repair,,,,,,,,,,,,,,,,,,,,,,,,,,Services,"Tile Roof Repair
Clay Tile
Concrete Tile
Spanish Tile
Tile Replacement
Leak Repair",
roofing-service-experts.com | [DATE],Tile Roof Repair,,,,,,,,,,,,,,,,,,,,,,,,,,,,tile roof repair
roofing-service-experts.com | [DATE],Slate Roof Repair,Responsive search ad,,Slate Roof Repair Experts,-,Natural Slate Restoration,-,Cracked Slate Replacement,-,Historic Slate Roof Repair,-,Slate Roof Repair Specialists. Natural Slate. Matching Replacement. Licensed Roofers!,-,Cracked Or Missing Slate? We'll Replace It. Quality Matching. Call Today!,-,Expert Slate Roof Repairs. Historic Homes. Proper Techniques. Call Now!,-,Professional Slate Roof Repair. Natural Stone. Quality Workmanship. Call Today!,-,,,http://roofing-service-experts.com/?service=slate-roof-repair,,,,,,,
roofing-service-experts.com | [DATE],Slate Roof Repair,Responsive search ad,Ad 2,{LOCATION(City):Local} Slate Roof,1,Call Now - Same Day Service,2,Cracked Slate Replacement,-,Historic Slate Roof Repair,-,Slate Roof Repair Specialists. Natural Slate. Matching Replacement. Licensed Roofers!,-,Cracked Or Missing Slate? We'll Replace It. Quality Matching. Call Today!,-,Expert Slate Roof Repairs. Historic Homes. Proper Techniques. Call Now!,-,Professional Slate Roof Repair. Natural Stone. Quality Workmanship. Call Today!,-,,,http://roofing-service-experts.com/?service=slate-roof-repair,,,,,,,
roofing-service-experts.com | [DATE],Slate Roof Repair,,,,,,,,,,,,,,,,,,,,,http://roofing-service-experts.com/?service=slate-roof-repair&sl=1,Same Day Service,Fast Response Times,We Come To You Today,,,,
roofing-service-experts.com | [DATE],Slate Roof Repair,,,,,,,,,,,,,,,,,,,,,http://roofing-service-experts.com/?service=slate-roof-repair&sl=2,Insurance Billing,We Work With Insurance,Claims Help Included,,,,
roofing-service-experts.com | [DATE],Slate Roof Repair,,,,,,,,,,,,,,,,,,,,,http://roofing-service-experts.com/?service=slate-roof-repair&sl=3,Free Inspections,No-Cost Roof Inspection,Get Expert Assessment,,,,
roofing-service-experts.com | [DATE],Slate Roof Repair,,,,,,,,,,,,,,,,,,,,,http://roofing-service-experts.com/?service=slate-roof-repair&sl=4,Licensed & Insured,Professional Roofers,Quality Workmanship,,,,
roofing-service-experts.com | [DATE],Slate Roof Repair,,,,,,,,,,,,,,,,,,,,,http://roofing-service-experts.com/?service=slate-roof-repair&sl=5,Why Choose Us,25+ Years Experience,Local Roofing Experts,,,,
roofing-service-experts.com | [DATE],Slate Roof Repair,,,,,,,,,,,,,,,,,,,,,http://roofing-service-experts.com/?service=slate-roof-repair&sl=6,Emergency Repairs,24/7 Emergency Service,Storm Damage Response,,,,
roofing-service-experts.com | [DATE],Slate Roof Repair,,,,,,,,,,,,,,,,,,,,,http://roofing-service-experts.com/?service=slate-roof-repair&sl=7,Roof Replacement,New Roof Installation,All Materials Available,,,,
roofing-service-experts.com | [DATE],Slate Roof Repair,,,,,,,,,,,,,,,,,,,,,,,,,24/7 Emergency,,,
roofing-service-experts.com | [DATE],Slate Roof Repair,,,,,,,,,,,,,,,,,,,,,,,,,Same Day Service,,,
roofing-service-experts.com | [DATE],Slate Roof Repair,,,,,,,,,,,,,,,,,,,,,,,,,Insurance Billing,,,
roofing-service-experts.com | [DATE],Slate Roof Repair,,,,,,,,,,,,,,,,,,,,,,,,,Licensed & Insured,,,
roofing-service-experts.com | [DATE],Slate Roof Repair,,,,,,,,,,,,,,,,,,,,,,,,,Free Inspections,,,
roofing-service-experts.com | [DATE],Slate Roof Repair,,,,,,,,,,,,,,,,,,,,,,,,,25+ Years Experience,,,
roofing-service-experts.com | [DATE],Slate Roof Repair,,,,,,,,,,,,,,,,,,,,,,,,,Local Experts,,,
roofing-service-experts.com | [DATE],Slate Roof Repair,,,,,,,,,,,,,,,,,,,,,,,,,Professional Service,,,
roofing-service-experts.com | [DATE],Slate Roof Repair,,,,,,,,,,,,,,,,,,,,,,,,,,Services,"Slate Roof Repair
Natural Slate
Historic Roofs
Slate Replacement
Leak Repair
Restoration",
roofing-service-experts.com | [DATE],Slate Roof Repair,,,,,,,,,,,,,,,,,,,,,,,,,,,,slate roof repair
roofing-service-experts.com | [DATE],Hail Damage Repair,Responsive search ad,,Hail Damage Roof Repair,-,Insurance Claim Help,-,Post-Hail Roof Repair,-,Hail Damage Assessment,-,Hail Damage Roof Repair. Insurance Claims Assistance. Free Inspection. Call Now!,-,Roof Damaged By Hail? We'll Help With Your Insurance Claim. Fast Repairs!,-,Hail Damage Assessment & Repair. Work With All Insurers. Licensed Roofers!,-,Post-Hail Roof Repairs. Complete Documentation. Insurance Help. Call Today!,-,,,http://roofing-service-experts.com/?service=hail-damage-repair,,,,,,,
roofing-service-experts.com | [DATE],Hail Damage Repair,Responsive search ad,Ad 2,{LOCATION(City):Local} Hail Damage,1,Call Now - Same Day Service,2,Post-Hail Roof Repair,-,Hail Damage Assessment,-,Hail Damage Roof Repair. Insurance Claims Assistance. Free Inspection. Call Now!,-,Roof Damaged By Hail? We'll Help With Your Insurance Claim. Fast Repairs!,-,Hail Damage Assessment & Repair. Work With All Insurers. Licensed Roofers!,-,Post-Hail Roof Repairs. Complete Documentation. Insurance Help. Call Today!,-,,,http://roofing-service-experts.com/?service=hail-damage-repair,,,,,,,
roofing-service-experts.com | [DATE],Hail Damage Repair,,,,,,,,,,,,,,,,,,,,,http://roofing-service-experts.com/?service=hail-damage-repair&sl=1,Same Day Service,Fast Response Times,We Come To You Today,,,,
roofing-service-experts.com | [DATE],Hail Damage Repair,,,,,,,,,,,,,,,,,,,,,http://roofing-service-experts.com/?service=hail-damage-repair&sl=2,Insurance Billing,We Work With Insurance,Claims Help Included,,,,
roofing-service-experts.com | [DATE],Hail Damage Repair,,,,,,,,,,,,,,,,,,,,,http://roofing-service-experts.com/?service=hail-damage-repair&sl=3,Free Inspections,No-Cost Roof Inspection,Get Expert Assessment,,,,
roofing-service-experts.com | [DATE],Hail Damage Repair,,,,,,,,,,,,,,,,,,,,,http://roofing-service-experts.com/?service=hail-damage-repair&sl=4,Licensed & Insured,Professional Roofers,Quality Workmanship,,,,
roofing-service-experts.com | [DATE],Hail Damage Repair,,,,,,,,,,,,,,,,,,,,,http://roofing-service-experts.com/?service=hail-damage-repair&sl=5,Why Choose Us,25+ Years Experience,Local Roofing Experts,,,,
roofing-service-experts.com | [DATE],Hail Damage Repair,,,,,,,,,,,,,,,,,,,,,http://roofing-service-experts.com/?service=hail-damage-repair&sl=6,Emergency Repairs,24/7 Emergency Service,Storm Damage Response,,,,
roofing-service-experts.com | [DATE],Hail Damage Repair,,,,,,,,,,,,,,,,,,,,,http://roofing-service-experts.com/?service=hail-damage-repair&sl=7,Roof Replacement,New Roof Installation,All Materials Available,,,,
roofing-service-experts.com | [DATE],Hail Damage Repair,,,,,,,,,,,,,,,,,,,,,,,,,24/7 Emergency,,,
roofing-service-experts.com | [DATE],Hail Damage Repair,,,,,,,,,,,,,,,,,,,,,,,,,Same Day Service,,,
roofing-service-experts.com | [DATE],Hail Damage Repair,,,,,,,,,,,,,,,,,,,,,,,,,Insurance Billing,,,
roofing-service-experts.com | [DATE],Hail Damage Repair,,,,,,,,,,,,,,,,,,,,,,,,,Licensed & Insured,,,
roofing-service-experts.com | [DATE],Hail Damage Repair,,,,,,,,,,,,,,,,,,,,,,,,,Free Inspections,,,
roofing-service-experts.com | [DATE],Hail Damage Repair,,,,,,,,,,,,,,,,,,,,,,,,,25+ Years Experience,,,
roofing-service-experts.com | [DATE],Hail Damage Repair,,,,,,,,,,,,,,,,,,,,,,,,,Local Experts,,,
roofing-service-experts.com | [DATE],Hail Damage Repair,,,,,,,,,,,,,,,,,,,,,,,,,Professional Service,,,
roofing-service-experts.com | [DATE],Hail Damage Repair,,,,,,,,,,,,,,,,,,,,,,,,,,Services,"Hail Damage
Insurance Claims
Free Inspection
Documentation
All Roof Types
Fast Repairs",
roofing-service-experts.com | [DATE],Hail Damage Repair,,,,,,,,,,,,,,,,,,,,,,,,,,,,hail damage repair
roofing-service-experts.com | [DATE],Wind Damage Repair,Responsive search ad,,Wind Damage Roof Repair,-,Storm Wind Damage Repair,-,Missing Shingles? Call Us,-,Fast Wind Damage Repairs,-,"Wind Damage Roof Repair. Missing Shingles, Lifted Materials. Fast Service. Call Now!",-,Roof Damaged By Wind? We'll Fix It Today. Insurance Claims Help. Call Now!,-,"Wind Damage Repairs. Shingles, Flashing, All Materials. Same Day Service!",-,Storm Wind Damage? We'll Repair Your Roof Fast. Insurance Help. Call Today!,-,,,http://roofing-service-experts.com/?service=wind-damage-repair,,,,,,,
roofing-service-experts.com | [DATE],Wind Damage Repair,Responsive search ad,Ad 2,{LOCATION(City):Local} Wind Damage,1,Call Now - Same Day Service,2,Missing Shingles? Call Us,-,Fast Wind Damage Repairs,-,"Wind Damage Roof Repair. Missing Shingles, Lifted Materials. Fast Service. Call Now!",-,Roof Damaged By Wind? We'll Fix It Today. Insurance Claims Help. Call Now!,-,"Wind Damage Repairs. Shingles, Flashing, All Materials. Same Day Service!",-,Storm Wind Damage? We'll Repair Your Roof Fast. Insurance Help. Call Today!,-,,,http://roofing-service-experts.com/?service=wind-damage-repair,,,,,,,
roofing-service-experts.com | [DATE],Wind Damage Repair,,,,,,,,,,,,,,,,,,,,,http://roofing-service-experts.com/?service=wind-damage-repair&sl=1,Same Day Service,Fast Response Times,We Come To You Today,,,,
roofing-service-experts.com | [DATE],Wind Damage Repair,,,,,,,,,,,,,,,,,,,,,http://roofing-service-experts.com/?service=wind-damage-repair&sl=2,Insurance Billing,We Work With Insurance,Claims Help Included,,,,
roofing-service-experts.com | [DATE],Wind Damage Repair,,,,,,,,,,,,,,,,,,,,,http://roofing-service-experts.com/?service=wind-damage-repair&sl=3,Free Inspections,No-Cost Roof Inspection,Get Expert Assessment,,,,
roofing-service-experts.com | [DATE],Wind Damage Repair,,,,,,,,,,,,,,,,,,,,,http://roofing-service-experts.com/?service=wind-damage-repair&sl=4,Licensed & Insured,Professional Roofers,Quality Workmanship,,,,
roofing-service-experts.com | [DATE],Wind Damage Repair,,,,,,,,,,,,,,,,,,,,,http://roofing-service-experts.com/?service=wind-damage-repair&sl=5,Why Choose Us,25+ Years Experience,Local Roofing Experts,,,,
roofing-service-experts.com | [DATE],Wind Damage Repair,,,,,,,,,,,,,,,,,,,,,http://roofing-service-experts.com/?service=wind-damage-repair&sl=6,Emergency Repairs,24/7 Emergency Service,Storm Damage Response,,,,
roofing-service-experts.com | [DATE],Wind Damage Repair,,,,,,,,,,,,,,,,,,,,,http://roofing-service-experts.com/?service=wind-damage-repair&sl=7,Roof Replacement,New Roof Installation,All Materials Available,,,,
roofing-service-experts.com | [DATE],Wind Damage Repair,,,,,,,,,,,,,,,,,,,,,,,,,24/7 Emergency,,,
roofing-service-experts.com | [DATE],Wind Damage Repair,,,,,,,,,,,,,,,,,,,,,,,,,Same Day Service,,,
roofing-service-experts.com | [DATE],Wind Damage Repair,,,,,,,,,,,,,,,,,,,,,,,,,Insurance Billing,,,
roofing-service-experts.com | [DATE],Wind Damage Repair,,,,,,,,,,,,,,,,,,,,,,,,,Licensed & Insured,,,
roofing-service-experts.com | [DATE],Wind Damage Repair,,,,,,,,,,,,,,,,,,,,,,,,,Free Inspections,,,
roofing-service-experts.com | [DATE],Wind Damage Repair,,,,,,,,,,,,,,,,,,,,,,,,,25+ Years Experience,,,
roofing-service-experts.com | [DATE],Wind Damage Repair,,,,,,,,,,,,,,,,,,,,,,,,,Local Experts,,,
roofing-service-experts.com | [DATE],Wind Damage Repair,,,,,,,,,,,,,,,,,,,,,,,,,Professional Service,,,
roofing-service-experts.com | [DATE],Wind Damage Repair,,,,,,,,,,,,,,,,,,,,,,,,,,Services,"Wind Damage
Shingle Replacement
Insurance Claims
Emergency Repairs
All Roof Types
Fast Service",
roofing-service-experts.com | [DATE],Wind Damage Repair,,,,,,,,,,,,,,,,,,,,,,,,,,,,wind damage repair
roofing-service-experts.com | [DATE],Roof Replacement,Responsive search ad,,New Roof Replacement,-,Full Roof Replacement,-,Replace Your Old Roof,-,Professional Roof Install,-,New Roof Replacement. All Materials Available. Licensed & Insured. Free Estimates!,-,Time For A New Roof? Quality Materials. Expert Installation. Call For Free Estimate!,-,"Professional Roof Replacement. Asphalt, Metal, Tile, All Types. Call Today!",-,Full Roof Replacement. Quality Work. Licensed Roofers. Get Your Free Estimate!,-,,,http://roofing-service-experts.com/?service=roof-replacement,,,,,,,
roofing-service-experts.com | [DATE],Roof Replacement,Responsive search ad,Ad 2,{LOCATION(City):Local} Replacement,1,Call Now - Same Day Service,2,Replace Your Old Roof,-,Professional Roof Install,-,New Roof Replacement. All Materials Available. Licensed & Insured. Free Estimates!,-,Time For A New Roof? Quality Materials. Expert Installation. Call For Free Estimate!,-,"Professional Roof Replacement. Asphalt, Metal, Tile, All Types. Call Today!",-,Full Roof Replacement. Quality Work. Licensed Roofers. Get Your Free Estimate!,-,,,http://roofing-service-experts.com/?service=roof-replacement,,,,,,,
roofing-service-experts.com | [DATE],Roof Replacement,,,,,,,,,,,,,,,,,,,,,http://roofing-service-experts.com/?service=roof-replacement&sl=1,Same Day Service,Fast Response Times,We Come To You Today,,,,
roofing-service-experts.com | [DATE],Roof Replacement,,,,,,,,,,,,,,,,,,,,,http://roofing-service-experts.com/?service=roof-replacement&sl=2,Insurance Billing,We Work With Insurance,Claims Help Included,,,,
roofing-service-experts.com | [DATE],Roof Replacement,,,,,,,,,,,,,,,,,,,,,http://roofing-service-experts.com/?service=roof-replacement&sl=3,Free Inspections,No-Cost Roof Inspection,Get Expert Assessment,,,,
roofing-service-experts.com | [DATE],Roof Replacement,,,,,,,,,,,,,,,,,,,,,http://roofing-service-experts.com/?service=roof-replacement&sl=4,Licensed & Insured,Professional Roofers,Quality Workmanship,,,,
roofing-service-experts.com | [DATE],Roof Replacement,,,,,,,,,,,,,,,,,,,,,http://roofing-service-experts.com/?service=roof-replacement&sl=5,Why Choose Us,25+ Years Experience,Local Roofing Experts,,,,
roofing-service-experts.com | [DATE],Roof Replacement,,,,,,,,,,,,,,,,,,,,,http://roofing-service-experts.com/?service=roof-replacement&sl=6,Emergency Repairs,24/7 Emergency Service,Storm Damage Response,,,,
roofing-service-experts.com | [DATE],Roof Replacement,,,,,,,,,,,,,,,,,,,,,http://roofing-service-experts.com/?service=roof-replacement&sl=7,Roof Replacement,New Roof Installation,All Materials Available,,,,
roofing-service-experts.com | [DATE],Roof Replacement,,,,,,,,,,,,,,,,,,,,,,,,,24/7 Emergency,,,
roofing-service-experts.com | [DATE],Roof Replacement,,,,,,,,,,,,,,,,,,,,,,,,,Same Day Service,,,
roofing-service-experts.com | [DATE],Roof Replacement,,,,,,,,,,,,,,,,,,,,,,,,,Insurance Billing,,,
roofing-service-experts.com | [DATE],Roof Replacement,,,,,,,,,,,,,,,,,,,,,,,,,Licensed & Insured,,,
roofing-service-experts.com | [DATE],Roof Replacement,,,,,,,,,,,,,,,,,,,,,,,,,Free Inspections,,,
roofing-service-experts.com | [DATE],Roof Replacement,,,,,,,,,,,,,,,,,,,,,,,,,25+ Years Experience,,,
roofing-service-experts.com | [DATE],Roof Replacement,,,,,,,,,,,,,,,,,,,,,,,,,Local Experts,,,
roofing-service-experts.com | [DATE],Roof Replacement,,,,,,,,,,,,,,,,,,,,,,,,,Professional Service,,,
roofing-service-experts.com | [DATE],Roof Replacement,,,,,,,,,,,,,,,,,,,,,,,,,,Services,"Roof Replacement
New Roofs
All Materials
Asphalt Shingles
Metal Roofs
Free Estimates",
roofing-service-experts.com | [DATE],Roof Replacement,,,,,,,,,,,,,,,,,,,,,,,,,,,,roof replacement
roofing-service-experts.com | [DATE],Shingle Roof Replacement,Responsive search ad,,New Shingle Roof Install,-,Asphalt Shingle Replacement,-,3-Tab & Architectural,-,Shingle Roof Installation,-,New Shingle Roof Installation. 3-Tab & Architectural. Licensed Roofers. Free Estimates!,-,Asphalt Shingle Roof Replacement. Quality Materials. Expert Install. Call Today!,-,New Shingle Roof. All Colors & Styles Available. Professional Install. Call Now!,-,"Shingle Roof Replacement. GAF, Owens Corning, CertainTeed. Free Estimates!",-,,,http://roofing-service-experts.com/?service=shingle-roof-replacement,,,,,,,
roofing-service-experts.com | [DATE],Shingle Roof Replacement,Responsive search ad,Ad 2,{LOCATION(City):Local} Shingle Replacement,1,Call Now - Same Day Service,2,3-Tab & Architectural,-,Shingle Roof Installation,-,New Shingle Roof Installation. 3-Tab & Architectural. Licensed Roofers. Free Estimates!,-,Asphalt Shingle Roof Replacement. Quality Materials. Expert Install. Call Today!,-,New Shingle Roof. All Colors & Styles Available. Professional Install. Call Now!,-,"Shingle Roof Replacement. GAF, Owens Corning, CertainTeed. Free Estimates!",-,,,http://roofing-service-experts.com/?service=shingle-roof-replacement,,,,,,,
roofing-service-experts.com | [DATE],Shingle Roof Replacement,,,,,,,,,,,,,,,,,,,,,http://roofing-service-experts.com/?service=shingle-roof-replacement&sl=1,Same Day Service,Fast Response Times,We Come To You Today,,,,
roofing-service-experts.com | [DATE],Shingle Roof Replacement,,,,,,,,,,,,,,,,,,,,,http://roofing-service-experts.com/?service=shingle-roof-replacement&sl=2,Insurance Billing,We Work With Insurance,Claims Help Included,,,,
roofing-service-experts.com | [DATE],Shingle Roof Replacement,,,,,,,,,,,,,,,,,,,,,http://roofing-service-experts.com/?service=shingle-roof-replacement&sl=3,Free Inspections,No-Cost Roof Inspection,Get Expert Assessment,,,,
roofing-service-experts.com | [DATE],Shingle Roof Replacement,,,,,,,,,,,,,,,,,,,,,http://roofing-service-experts.com/?service=shingle-roof-replacement&sl=4,Licensed & Insured,Professional Roofers,Quality Workmanship,,,,
roofing-service-experts.com | [DATE],Shingle Roof Replacement,,,,,,,,,,,,,,,,,,,,,http://roofing-service-experts.com/?service=shingle-roof-replacement&sl=5,Why Choose Us,25+ Years Experience,Local Roofing Experts,,,,
roofing-service-experts.com | [DATE],Shingle Roof Replacement,,,,,,,,,,,,,,,,,,,,,http://roofing-service-experts.com/?service=shingle-roof-replacement&sl=6,Emergency Repairs,24/7 Emergency Service,Storm Damage Response,,,,
roofing-service-experts.com | [DATE],Shingle Roof Replacement,,,,,,,,,,,,,,,,,,,,,http://roofing-service-experts.com/?service=shingle-roof-replacement&sl=7,Roof Replacement,New Roof Installation,All Materials Available,,,,
roofing-service-experts.com | [DATE],Shingle Roof Replacement,,,,,,,,,,,,,,,,,,,,,,,,,24/7 Emergency,,,
roofing-service-experts.com | [DATE],Shingle Roof Replacement,,,,,,,,,,,,,,,,,,,,,,,,,Same Day Service,,,
roofing-service-experts.com | [DATE],Shingle Roof Replacement,,,,,,,,,,,,,,,,,,,,,,,,,Insurance Billing,,,
roofing-service-experts.com | [DATE],Shingle Roof Replacement,,,,,,,,,,,,,,,,,,,,,,,,,Licensed & Insured,,,
roofing-service-experts.com | [DATE],Shingle Roof Replacement,,,,,,,,,,,,,,,,,,,,,,,,,Free Inspections,,,
roofing-service-experts.com | [DATE],Shingle Roof Replacement,,,,,,,,,,,,,,,,,,,,,,,,,25+ Years Experience,,,
roofing-service-experts.com | [DATE],Shingle Roof Replacement,,,,,,,,,,,,,,,,,,,,,,,,,Local Experts,,,
roofing-service-experts.com | [DATE],Shingle Roof Replacement,,,,,,,,,,,,,,,,,,,,,,,,,Professional Service,,,
roofing-service-experts.com | [DATE],Shingle Roof Replacement,,,,,,,,,,,,,,,,,,,,,,,,,,Services,"Shingle Replacement
Asphalt Shingles
3-Tab
Architectural
All Colors
Free Estimates",
roofing-service-experts.com | [DATE],Shingle Roof Replacement,,,,,,,,,,,,,,,,,,,,,,,,,,,,shingle roof replacement
roofing-service-experts.com | [DATE],Metal Roof Replacement,Responsive search ad,,New Metal Roof Install,-,Standing Seam Metal Roof,-,Metal Roof Replacement,-,Durable Metal Roofing,-,"Metal Roof Replacement. Standing Seam, Corrugated, All Types. Free Estimates!",-,"New Metal Roof Installation. Long-Lasting, Energy Efficient. Licensed Roofers!",-,Install A Durable Metal Roof. 30+ Year Lifespan. All Colors. Call For Estimate!,-,"Metal Roofing Experts. Standing Seam, R-Panel, All Styles. Free Estimates!",-,,,http://roofing-service-experts.com/?service=metal-roof-replacement,,,,,,,
roofing-service-experts.com | [DATE],Metal Roof Replacement,Responsive search ad,Ad 2,{LOCATION(City):Local} Metal Replacement,1,Call Now - Same Day Service,2,Metal Roof Replacement,-,Durable Metal Roofing,-,"Metal Roof Replacement. Standing Seam, Corrugated, All Types. Free Estimates!",-,"New Metal Roof Installation. Long-Lasting, Energy Efficient. Licensed Roofers!",-,Install A Durable Metal Roof. 30+ Year Lifespan. All Colors. Call For Estimate!,-,"Metal Roofing Experts. Standing Seam, R-Panel, All Styles. Free Estimates!",-,,,http://roofing-service-experts.com/?service=metal-roof-replacement,,,,,,,
roofing-service-experts.com | [DATE],Metal Roof Replacement,,,,,,,,,,,,,,,,,,,,,http://roofing-service-experts.com/?service=metal-roof-replacement&sl=1,Same Day Service,Fast Response Times,We Come To You Today,,,,
roofing-service-experts.com | [DATE],Metal Roof Replacement,,,,,,,,,,,,,,,,,,,,,http://roofing-service-experts.com/?service=metal-roof-replacement&sl=2,Insurance Billing,We Work With Insurance,Claims Help Included,,,,
roofing-service-experts.com | [DATE],Metal Roof Replacement,,,,,,,,,,,,,,,,,,,,,http://roofing-service-experts.com/?service=metal-roof-replacement&sl=3,Free Inspections,No-Cost Roof Inspection,Get Expert Assessment,,,,
roofing-service-experts.com | [DATE],Metal Roof Replacement,,,,,,,,,,,,,,,,,,,,,http://roofing-service-experts.com/?service=metal-roof-replacement&sl=4,Licensed & Insured,Professional Roofers,Quality Workmanship,,,,
roofing-service-experts.com | [DATE],Metal Roof Replacement,,,,,,,,,,,,,,,,,,,,,http://roofing-service-experts.com/?service=metal-roof-replacement&sl=5,Why Choose Us,25+ Years Experience,Local Roofing Experts,,,,
roofing-service-experts.com | [DATE],Metal Roof Replacement,,,,,,,,,,,,,,,,,,,,,http://roofing-service-experts.com/?service=metal-roof-replacement&sl=6,Emergency Repairs,24/7 Emergency Service,Storm Damage Response,,,,
roofing-service-experts.com | [DATE],Metal Roof Replacement,,,,,,,,,,,,,,,,,,,,,http://roofing-service-experts.com/?service=metal-roof-replacement&sl=7,Roof Replacement,New Roof Installation,All Materials Available,,,,
roofing-service-experts.com | [DATE],Metal Roof Replacement,,,,,,,,,,,,,,,,,,,,,,,,,24/7 Emergency,,,
roofing-service-experts.com | [DATE],Metal Roof Replacement,,,,,,,,,,,,,,,,,,,,,,,,,Same Day Service,,,
roofing-service-experts.com | [DATE],Metal Roof Replacement,,,,,,,,,,,,,,,,,,,,,,,,,Insurance Billing,,,
roofing-service-experts.com | [DATE],Metal Roof Replacement,,,,,,,,,,,,,,,,,,,,,,,,,Licensed & Insured,,,
roofing-service-experts.com | [DATE],Metal Roof Replacement,,,,,,,,,,,,,,,,,,,,,,,,,Free Inspections,,,
roofing-service-experts.com | [DATE],Metal Roof Replacement,,,,,,,,,,,,,,,,,,,,,,,,,25+ Years Experience,,,
roofing-service-experts.com | [DATE],Metal Roof Replacement,,,,,,,,,,,,,,,,,,,,,,,,,Local Experts,,,
roofing-service-experts.com | [DATE],Metal Roof Replacement,,,,,,,,,,,,,,,,,,,,,,,,,Professional Service,,,
roofing-service-experts.com | [DATE],Metal Roof Replacement,,,,,,,,,,,,,,,,,,,,,,,,,,Services,"Metal Roofs
Standing Seam
Corrugated
Energy Efficient
Long-Lasting
Free Estimates",
roofing-service-experts.com | [DATE],Metal Roof Replacement,,,,,,,,,,,,,,,,,,,,,,,,,,,,metal roof replacement
roofing-service-experts.com | [DATE],Tile Roof Replacement,Responsive search ad,,New Tile Roof Install,-,Clay & Concrete Tile Roofs,-,Spanish Tile Roofing,-,Tile Roof Replacement,-,"Tile Roof Replacement. Clay, Concrete, Spanish Tile. Licensed Roofers. Free Estimates!",-,New Tile Roof Installation. Beautiful & Long-Lasting. All Styles. Call Today!,-,Install A Clay Or Concrete Tile Roof. Expert Installation. Free Estimates!,-,"Tile Roofing Experts. Spanish, Mission, All Styles. Quality Install. Call Now!",-,,,http://roofing-service-experts.com/?service=tile-roof-replacement,,,,,,,
roofing-service-experts.com | [DATE],Tile Roof Replacement,Responsive search ad,Ad 2,{LOCATION(City):Local} Tile Replacement,1,Call Now - Same Day Service,2,Spanish Tile Roofing,-,Tile Roof Replacement,-,"Tile Roof Replacement. Clay, Concrete, Spanish Tile. Licensed Roofers. Free Estimates!",-,New Tile Roof Installation. Beautiful & Long-Lasting. All Styles. Call Today!,-,Install A Clay Or Concrete Tile Roof. Expert Installation. Free Estimates!,-,"Tile Roofing Experts. Spanish, Mission, All Styles. Quality Install. Call Now!",-,,,http://roofing-service-experts.com/?service=tile-roof-replacement,,,,,,,
roofing-service-experts.com | [DATE],Tile Roof Replacement,,,,,,,,,,,,,,,,,,,,,http://roofing-service-experts.com/?service=tile-roof-replacement&sl=1,Same Day Service,Fast Response Times,We Come To You Today,,,,
roofing-service-experts.com | [DATE],Tile Roof Replacement,,,,,,,,,,,,,,,,,,,,,http://roofing-service-experts.com/?service=tile-roof-replacement&sl=2,Insurance Billing,We Work With Insurance,Claims Help Included,,,,
roofing-service-experts.com | [DATE],Tile Roof Replacement,,,,,,,,,,,,,,,,,,,,,http://roofing-service-experts.com/?service=tile-roof-replacement&sl=3,Free Inspections,No-Cost Roof Inspection,Get Expert Assessment,,,,
roofing-service-experts.com | [DATE],Tile Roof Replacement,,,,,,,,,,,,,,,,,,,,,http://roofing-service-experts.com/?service=tile-roof-replacement&sl=4,Licensed & Insured,Professional Roofers,Quality Workmanship,,,,
roofing-service-experts.com | [DATE],Tile Roof Replacement,,,,,,,,,,,,,,,,,,,,,http://roofing-service-experts.com/?service=tile-roof-replacement&sl=5,Why Choose Us,25+ Years Experience,Local Roofing Experts,,,,
roofing-service-experts.com | [DATE],Tile Roof Replacement,,,,,,,,,,,,,,,,,,,,,http://roofing-service-experts.com/?service=tile-roof-replacement&sl=6,Emergency Repairs,24/7 Emergency Service,Storm Damage Response,,,,
roofing-service-experts.com | [DATE],Tile Roof Replacement,,,,,,,,,,,,,,,,,,,,,http://roofing-service-experts.com/?service=tile-roof-replacement&sl=7,Roof Replacement,New Roof Installation,All Materials Available,,,,
roofing-service-experts.com | [DATE],Tile Roof Replacement,,,,,,,,,,,,,,,,,,,,,,,,,24/7 Emergency,,,
roofing-service-experts.com | [DATE],Tile Roof Replacement,,,,,,,,,,,,,,,,,,,,,,,,,Same Day Service,,,
roofing-service-experts.com | [DATE],Tile Roof Replacement,,,,,,,,,,,,,,,,,,,,,,,,,Insurance Billing,,,
roofing-service-experts.com | [DATE],Tile Roof Replacement,,,,,,,,,,,,,,,,,,,,,,,,,Licensed & Insured,,,
roofing-service-experts.com | [DATE],Tile Roof Replacement,,,,,,,,,,,,,,,,,,,,,,,,,Free Inspections,,,
roofing-service-experts.com | [DATE],Tile Roof Replacement,,,,,,,,,,,,,,,,,,,,,,,,,25+ Years Experience,,,
roofing-service-experts.com | [DATE],Tile Roof Replacement,,,,,,,,,,,,,,,,,,,,,,,,,Local Experts,,,
roofing-service-experts.com | [DATE],Tile Roof Replacement,,,,,,,,,,,,,,,,,,,,,,,,,Professional Service,,,
roofing-service-experts.com | [DATE],Tile Roof Replacement,,,,,,,,,,,,,,,,,,,,,,,,,,Services,"Tile Roofs
Clay Tile
Concrete Tile
Spanish Tile
Long-Lasting
Free Estimates",
roofing-service-experts.com | [DATE],Tile Roof Replacement,,,,,,,,,,,,,,,,,,,,,,,,,,,,tile roof replacement
